Aischa	w
Abelina	w
Abigail	w
Acar	w
Ada	w
Adela	w
Adele	w
Adelgunde	w
Adelheid	w
Adelinde	w
Adina	w
Adolfine	w
Adriana	w
Adriane	w
Adrienne	w
Afsahne	w
Agathe	w
Aglaia	w
Agnes	w
Agrippina	w
Ahinoam	w
Ahlheit	w
Aida	w
Aiko	w
Aimie	w
Aimée	w
Akira	w
Alberta	w
Albertine	w
Alda	w
Alena	w
Alenn	w
Alev	w
Alexandra	w
Alfke	w
Alfreda	w
Alice	w
Alicia	w
Alicja	w
Alina	w
Alison	w
Alkan	w
Allegra	w
Alma	w
Almut	w
Aloisia	w
Alrun	w
Alva	w
Alwine	w
Alyssa	w
Amalberga	w
Amalie	w
Amana	w
Amanda	w
Amelie	w
Amina	w
Aminata	w
Amrei	w
Amy	w
Amélie	w
Anastasia	w
Andrea	w
Andree	w
Angel	w
Angela	w
Angelika	w
Angelina	w
Angelique	w
Anita	w
Anja	w
Anjuli	w
Ann	w
Anna	w
Annalena	w
Annegret	w
Annelie	w
Anneliese	w
Annemarie	w
Annette	w
Annika	w
Annunziata	w
Anouk	w
Ansgard	w
Antje	w
Antoinette	w
Antonia	w
Antonie	w
Aoife	w
Apollonia	w
April	w
Ariadne	w
Ariane	w
Ariel	w
Arik	w
Armgard	w
Åsa	w
Astrid	w
Atarah	w
Audrey	w
Augusta	w
Auguste	w
Augustine	w
Aurelia	w
Aurora	w
Austeja	w
Ava	w
Avril	w
Aydan	w
Ayla	w
Aylin	w
Ayse	w
Aytaç	w
Babette	w
Barbara	w
Bastienne	w
Beate	w
Beatrice	w
Beatrix	w
Belinda	w
Berit	w
Bernadette	w
Bettina	w
Betty	w
Bianca	w
Biljana	w
Birgit	w
Birte	w
Blaženka	w
Bo	w
Bobbie	w
Bodil	w
Božena	w
Brandy	w
Brenda	w
Bridget	w
Brigitte	w
Brittany	w
Brunhild	w
Cäcilie	w
Camilla	w
Camille	w
Carina	w
Carmen	w
Carola	w
Carolin	w
Caroline	w
Cécile	w
Celia	w
Celina	w
Cemile	w
Ceylan	w
Chantal	w
Charlotte	w
Chava	w
Chelsea	w
Cheyenne	w
Chloe	w
Christiane	w
Christine	w
Cindy	w
Claire	w
Claudia	w
Clementine	w
Codruta	w
Colleen	w
Constantia	w
Constanze	w
Cordula	w
Corinna	w
Cornelia	w
Cosima	w
Dagmar	w
Dagny	w
Daisy	w
Dana	w
Danica	w
Daniela	w
Daria	w
Darlene	w
Debora	w
Delia	w
Denise	w
Deniz	w
Desideria	w
Désirée	w
Diana	w
Diemut	w
Diethild	w
Dietlinde	w
Dilara	w
Dimitra	w
Dina	w
Dita	w
Ditte	w
Dolly	w
Dolores	w
Dominique	w
Dora	w
Dore	w
Doreen	w
Doris	w
Doro	w
Dorota	w
Dorothea	w
Dorothy	w
Dörte	w
Dorthe	w
Dragana	w
Dunja	w
Dyveke	w
Ece	w
Edda	w
Edeltraud	w
Edina	w
Edith	w
Edna	w
Eileen	w
Eleonore	w
Elfriede	w
Elina	w
Elisabeth	w
Elisha	w
Elke	w
Ellen	w
Elli	w
Elma	w
Elmira	w
Elsa	w
Else	w
Emerentia	w
Emilia	w
Emilie	w
Emily	w
Emma	w
Emmanuelle	w
Erdmute	w
Eren	w
Erika	w
Erna	w
Ernesta	w
Esin	w
Esma	w
Esmeralda	w
Esra	w
Esther	w
Eudokia	w
Eulalia	w
Eulalie	w
Euphrasina	w
Eva	w
Evangelia	w
Eve	w
Evegret	w
Evelyn	w
Evi	w
Evrim	w
Ewa	w
Fabia	w
Fabienne	w
Fajola	w
Famke	w
Fanchon	w
Fanta	w
Felicitas	w
Fenja	w
Fennedine	w
Fernanda	w
Finja	w
Finn	w
Fiona	w
Flavia	w
Flora	w
Florentine	w
Francine	w
Franziska	w
Françoise	w
Frauke	w
Freddy	w
Frida	w
Frieda	w
Friederike	w
Gabriele	w
Galina	w
Gay	w
Geesche	w
Gefion	w
Gemma	w
Genoveva	w
Geofreda	w
Georgia	w
Gerberga	w
Gerda	w
Gerhild	w
Gerlinde	w
Germaine	w
Germana	w
Gerrit	w
Gertrud	w
Gesche	w
Gesine	w
Gina	w
Ginger	w
Ginny	w
Gisela	w
Gisele	w
Grazyna	w
Greta	w
Gretchen	w
Griseldis	w
Guðrún	w
Gudrun	w
Gunda	w
Gunde	w
Gundel	w
Gundela	w
Gundelinde	w
Gundi	w
Gundula	w
Gustl	w
Gwen	w
Gwendolin	w
Gwyneth	w
Hanako	w
Hanna	w
Hannah	w
Hannelore	w
Hatice	w
Heather	w
Hedda	w
Hedi	w
Hedwig	w
Heidelinde	w
Heidi	w
Heidrun	w
Heike	w
Heilgard	w
Helena	w
Helene	w
Helga	w
Helgard	w
Helge	w
Heliane	w
Helke	w
Hella	w
Hemma	w
Henriette	w
Henrike	w
Hermine	w
Hertha	w
Hilde	w
Hildegard	w
Hiltrud	w
Iben	w
Ibtisam	w
Ida	w
Ilka	w
Ilkay	w
Ilona	w
Ilse	w
Imke	w
Imogen	w
Ina	w
Indira	w
Ines	w
Inga	w
Inge	w
Ingeburg	w
Ingmar	w
Ingrid	w
Inka	w
Inken	w
Iona	w
Ira	w
Irem	w
Irena	w
Irene	w
Iris	w
Irma	w
Irmela	w
Irmgard	w
Irmtraud	w
Isabella	w
Isabelle	w
Isolde	w
Italia	w
Ivana	w
Ivy	w
Jacqueline	w
Jadranka	w
Jaël	w
Jakobäa	w
Jan	w
Jana	w
Janice	w
Janina	w
Janine	w
Janis	w
Janka	w
Janne	w
Jannica	w
Janserey	w
Jarmila	w
Jasmin	w
Jean	w
Jeanette	w
Jeannette	w
Jeannie	w
Jelena	w
Jelly	w
Jenette	w
Jenin	w
Jenna	w
Jennifer	w
Jenny	w
Jessica	w
Jiska	w
Joelle	w
Johanna	w
Jolante	w
Joni	w
Jördis	w
Jorina	w
Jorinde	w
Josephine	w
Jowanka	w
Ju-Mie	w
Judith	w
Jule	w
Julia	w
Juliana	w
Juliane	w
Julie	w
Julienne	w
Juliette	w
Junia	w
Juri	w
Justine	w
Jutta	w
Jónína	w
Kai	w
Kaltrina	w
Kaoru	w
Karen	w
Kari	w
Karin	w
Karina	w
Karja	w
Karla	w
Karolina	w
Karoline	w
Kassandra	w
Katalin	w
Kate	w
Katharina	w
Käthe	w
Kathy	w
Katia	w
Katie	w
Katja	w
Kea	w
Keiko	w
Kelly	w
Kerstin	w
Kezia	w
Kiko	w
Kikuko	w
Kim	w
Kimberly	w
Kira	w
Kirsten	w
Kirstin	w
Kitty	w
Klara	w
Kriemhild	w
Ksenija	w
Ksymena	w
Kunigunde	w
Kylie	w
Laetitia	w
Laila	w
Lais	w
Lana	w
Lara	w
Larissa	w
Laura	w
Laurie	w
Lea	w
Leandra	w
Lena	w
Leni	w
Lenka	w
Lensi	w
Leo	w
Leonie	w
Leontine	w
Leyla	w
Lia	w
Liane	w
Libertas	w
Lidia	w
Lidwina	w
Lilith	w
Lilli	w
Lina	w
Linda	w
Linnea	w
Lioba	w
Lisanne	w
Liselotte	w
Liv	w
Livia	w
Ljilja	w
Ljiljana	w
Ljubow	w
Ljudmila	w
Lola	w
Loreley	w
Lorraine	w
Lubina	w
Luca	w
Lucia	w
Ludmilla	w
Luisa	w
Luise	w
Luitgard	w
Luna	w
Lupita	w
Lydia	w
Ma	w
Mabel	w
Madison	w
Magda	w
Magdalena	w
Maia	w
Maike	w
Mailin	w
Maja	w
Malika	w
Malwine	w
Mandy	w
Manina	w
Manja	w
Manuela	w
Mara	w
Marcella	w
Marcia	w
Mareen	w
Mareile	w
Mareke	w
Maren	w
Margarete	w
Maria	w
Marianne	w
Marie	w
Mariella	w
Marietta	w
Marina	w
Marion	w
Marisa	w
Marjorie	w
Marleen	w
Marlo	w
Marnie	w
Martha	w
Martina	w
Maryam	w
Masako	w
Mascha	w
Mathilde	w
Mattea	w
Maximiliane	w
Maya	w
Meara	w
Mechthild	w
Meera	w
Melanie	w
Melina	w
Melisende	w
Melissa	w
Melitta	w
Meral	w
Mercedes	w
Meret	w
Merit	w
Merrit	w
Meryl	w
Meta	w
Mette	w
Mia	w
Michaela	w
Michal	w
Michelle	w
Michèle	w
Mie	w
Mika	w
Milanka	w
Mildred	w
Milena	w
Millicent	w
Milonja	w
Mira	w
Miranda	w
Miriam	w
Mirja	w
Mirka	w
Mischa	w
Moll	w
Molly	w
Mona	w
Monika	w
Mounira	w
Muriel	w
Nadège	w
Nadia	w
Nadine	w
Nancy	w
Natalie	w
Natascha	w
Nathanja	w
Neve	w
Niamh	w
Nicky	w
Nico	w
Nicola	w
Nicole	w
Nike	w
Nikita	w
Nikola	w
Nikoletta	w
Nilofar	w
Nilüfer	w
Nina	w
Nino	w
Nisha	w
Nives	w
Noam	w
Nobuko	w
Noemi	w
Nora	w
Núria	w
Nursel	w
Nyota	w
Oda	w
Ognjena	w
Oksana	w
Ola	w
Olga	w
Olivia	w
Oona	w
Oranna	w
Ortrud	w
Oumou	w
Özge	w
Pamela	w
Paraskeva	w
Pascale	w
Patrice	w
Patricia	w
Paula	w
Paulette	w
Pauline	w
Penelope	w
Petra	w
Petrissa	w
Petronella	w
Philine	w
Philippa	w
Philomena	w
Phoebe	w
Pia	w
Pierret	w
Pikria	w
Pinar	w
Pirkko	w
Polina	w
Polly	w
Priscilla	w
Priska	w
Rabea	w
Rachel	w
Ragna	w
Ragnhild	w
Raissa	w
Raja	w
Rajana	w
Ramona	w
Rauthgundis	w
Rebecca	w
Regina	w
Regis	w
Réka	w
Renate	w
René	w
Reza	w
Ricarda	w
Ridvan	w
Rike	w
Rimante	w
Rita	w
Roberta	w
Robin	w
Romana	w
Romilda	w
Romy	w
Ronja	w
Rosa	w
Rosemarie	w
Rosina	w
Roswitha	w
Rowena	w
Roxana	w
Rózsa	w
Ruth	w
Sabine	w
Sabrina	w
Sachiko	w
Salma	w
Salome	w
Samantha	w
Samira	w
Sandra	w
Sandrine	w
Sandy	w
Sara	w
Sascha	w
Saskia	w
Scholastika	w
Senka	w
Senta	w
Serena	w
Seteney	w
Shanna	w
Shannon	w
Shelly	w
Shirley	w
Sibel	w
Sibylle	w
Sieglinde	w
Sietske	w
Sigita	w
Sigrid	w
Sigrun	w
Sigune	w
Siham	w
Silja	w
Silke	w
Silvana	w
Silvia	w
Simone	w
Sina	w
Sinaida	w
Sinja	w
Sinje	w
Skrollan	w
Smilla	w
Solana	w
Solveig	w
Sona	w
Sonia	w
Sonja	w
Sonya	w
Sophia	w
Stefanie	w
Stella	w
Sulamith	w
Sünje	w
Sünne	w
Susan	w
Susanne	w
Svea	w
Svenja	w
Swantje	w
Swetlana	w
Synke	w
Tabea	w
Tamar	w
Tamara	w
Tanja	w
Tara	w
Tarja	w
Tatjana	w
Tayla	w
Taylor	w
Telma	w
Teresa	w
Thea	w
Thekla	w
Thelma	w
Theodora	w
Therese	w
Thordis	w
Thurid	w
Timea	w
Tina	w
Tirza	w
Tjorven	w
Toni	w
Trine	w
Tristan	w
Tuja	w
Tuncay	w
Tuuli	w
Ulrike	w
Ursula	w
Urte	w
Ute	w
Valentina	w
Valerie	w
Valeska	w
Vanessa	w
Vappu	w
Vera	w
Verena	w
Veronika	w
Vesna	w
Viktoria	w
Viola	w
Virginia	w
Viviana	w
Vivien	w
Vlasta	w
Walburga	w
Walli	w
Waltraud	w
Wera	w
Wiebke	w
Wilhelmine	w
Wilma	w
Wiltrud	w
Winifred	w
Winona	w
Xaveria	w
Xenia	w
Yanti	w
Yara	w
Yella	w
Yente	w
Ylva	w
Yvonne	w
Zahar	w
Zainab	w
Zeruja	w
Zita	w
Zlata	w
Zoe	w
Aadolf	m
Aaron	m
Abda	m
Abdallah	m
Abdi	m
Abel	m
Abraham	m
Acar	m
Achatius	m
Achim	m
Adalbero	m
Adalbert	m
Adalnot	m
Adalward	m
Adam	m
Adelbert	m
Adnan	m
Adolf	m
Adrian	m
Adriano	m
Ägidius	m
Ägir	m
Agrippa	m
Ahmad	m
Aigialeus	m
Aiko	m
Aiman	m
Aimé	m
Aitor	m
Akai	m
Akira	m
Alain	m
Alan	m
Alastair	m
Alban	m
Alberich	m
Albert	m
Albin	m
Albrecht	m
Albwin	m
Alcetes	m
Aldhelm	m
Aleksije	m
Alen	m
Alexander	m
Alexei	m
Alfke	m
Alfons	m
Alfred	m
Algis	m
Ali	m
Alkan	m
Álmos	m
Alois	m
Alphonse	m
Altor	m
Alva	m
Alvar	m
Alwin	m
Amadeus	m
Amalrich	m
Amos	m
Amram	m
Amyklas	m
Anastasius	m
Anders	m
Andor	m
André	m
Andrea	m
Andreas	m
Andree	m
Andrei	m
Andrej	m
Andres	m
Andrew	m
Andrin	m
Andrzej	m
Angel	m
Ángel	m
Anianus	m
Anno	m
Anselm	m
Ansgar	m
Anthony	m
Anton	m
Antonius	m
Andelko	m
Appius	m
Archibald	m
Aribert	m
Ariel	m
Arik	m
Arkadius	m
Armin	m
Arndt	m
Arne	m
Arnim	m
Arno	m
Arnold	m
Arnulf	m
Arsenije	m
Arthur	m
Artturi	m
Arved	m
Asim	m
Asios	m
Aslan	m
Asmund	m
Atanasije	m
Athanasios	m
Attila	m
Atze	m
August	m
Auguste	m
Augustin	m
Augustinus	m
Augusto	m
Augustus	m
Aulus	m
Axel	m
Aydan	m
Aytaç	m
Babatunde	m
Baki	m
Balduin	m
Baldur	m
Bálint	m
Balthasar	m
Baptist	m
Barnabas	m
Barney	m
Barry	m
Barthel	m
Bartholemew	m
Bartholomäus	m
Bartholomeus	m
Barthélemy	m
Bartimäus	m
Bartolomeo	m
Bartolommeo	m
Bartolomé	m
Baruch	m
Bastian	m
Beat	m
Béla	m
Benedikt	m
Benito	m
Benjamin	m
Benno	m
Bent	m
Beppo	m
Bernd	m
Bernhard	m
Bernold	m
Bert	m
Berthold	m
Bertold	m
Bill	m
Birger	m
Bjarne	m
Bjartur	m
Björn	m
Blagoja	m
Blagoje	m
Blasius	m
Blažen	m
Bo	m
Bob	m
Bobbie	m
Bodo	m
Bogdan	m
Bohumil	m
Bojan	m
Boleslaw	m
Bonifatius	m
Boris	m
Börje	m
Boros	m
Botond	m
Borivoj	m
Branislav	m
Brian	m
Bronislaw	m
Bruce	m
Bruno	m
Bud	m
Bulcsú	m
Bülent	m
Burghard	m
Burkhardt	m
Caius	m
Calvin	m
Camille	m
Can	m
Candid	m
Carl	m
Carlo	m
Carlos	m
Carsten	m
Carter	m
Cécile	m
Cédric	m
Cemil	m
Cenk	m
Cesare	m
Chaim	m
Charles	m
Chiemo	m
Chlodwig	m
Chlothar	m
Christian	m
Christoph	m
Christophe	m
Christopher	m
Chuck	m
Claudio	m
Clemens	m
Colin	m
Conan	m
Conrad	m
Constantijn	m
Cord	m
Corneille	m
Cornelius	m
Corvin	m
Cosimo	m
Craig	m
Crispian	m
Csanád	m
Dagobert	m
Damian	m
Damir	m
Dana	m
Daniel	m
Danilo	m
Dankwart	m
Dario	m
Darius	m
Darko	m
David	m
Decimus	m
Dedo	m
Demian	m
Demir	m
Denes	m
Deniz	m
Dennis	m
Derek	m
Desiderius	m
Detlef	m
Dexter	m
Diego	m
Diemo	m
Dierk	m
Dieter	m
Diethelm	m
Dietmar	m
Dietrich	m
Dimitar	m
Dino	m
Dirk	m
Djordje	m
Dmitri	m
Domas	m
Domenico	m
Domingo	m
Dominick	m
Dominik	m
Dominique	m
Donald	m
Donatus	m
Dorian	m
Dorotheos	m
Douglas	m
Dragan	m
Dragutin	m
Dresel	m
Dschamal	m
Dušan	m
Dustin	m
Ebbo	m
Eben-Ezer	m
Ebenezer	m
Eberhard	m
Eckbert	m
Eckhardt	m
Edgar	m
Edmund	m
Eduard	m
Eduardo	m
Edward	m
Edwin	m
Edzard	m
Eero	m
Egbert	m
Egon	m
Ehssan	m
Eiji	m
Eik	m
Eike	m
Einar	m
Eino	m
Eitel Friedrich	m
Ekkehard	m
Eleftherios	m
Eli	m
Elias	m
Elie	m
Elimar	m
Elisha	m
Elmar	m
Elvis	m
Emanuel	m
Emicho	m
Emil	m
Emmanuel	m
Emmeram	m
Emmett	m
Emre	m
Engelbert	m
Enis	m
Ennio	m
Enno	m
Enrico	m
Enzo	m
Eoin	m
Ephraim	m
Erasmus	m
Ercan	m
Erdmann	m
Erdogan	m
Eren	m
Erhan	m
Erhard	m
Eric	m
Erich	m
Erkan	m
Erland	m
Erlendur	m
Ernest	m
Ernesto	m
Ernst	m
Erol	m
Errol	m
Erwin	m
Eskil	m
Esra	m
Essad	m
Ettore	m
Eugen	m
Evrim	m
Ewald	m
Ezzo	m
Fabian	m
Fabiano	m
Fabio	m
Fabius	m
Falk	m
Falko	m
Fatih	m
Fatos	m
Federico	m
Feissa	m
Felipe	m
Felix	m
Ferdi	m
Ferdinand	m
Ferenc	m
Fernando	m
Fidel	m
Fikret	m
Filippo	m
Finlay	m
Finley	m
Finn	m
Firmin	m
Flavio	m
Florentin	m
Florenz	m
Florestan	m
Florian	m
Francesco	m
Francisco	m
Franco	m
Franjo	m
Frank	m
František	m
Franz	m
Franz Xaver	m
Fred	m
Freddie	m
Freddy	m
Frederick	m
Fridolin	m
Friðrik	m
Fridtjof	m
Friedemann	m
Frieder	m
Friedrich	m
Frigyes	m
Fritz	m
Fürchtegott	m
Gabriel	m
Gabriele	m
Gaetano	m
Gaius	m
Garibald	m
Gaston	m
Gaudenz	m
Gavin	m
Gay	m
Gaylord	m
Gebhard	m
Genc	m
Geoffrey	m
Georg	m
Georg Friedrich	m
Georges	m
Gerald	m
Gerard	m
Gereon	m
Gergely	m
Gerhard	m
Gerhart	m
German	m
Germann	m
Gernot	m
Gero	m
Gerold	m
Gerrit	m
Gervais	m
Gerwin	m
Gideon	m
Gilbert	m
Ginger	m
Giorgio	m
Giovanni	m
Gisbert	m
Giselbert	m
Giuseppe	m
Gizur	m
Gnaeus	m
Gökhan	m
Gonthier	m
Goran	m
Gorka	m
Goswin	m
Gottfried	m
Gotthilf	m
Gottlieb	m
Götz	m
Graham	m
Gregor	m
Grellan	m
Grigorije	m
Grimo	m
Grimoald	m
Grischa	m
Guglielmo	m
Guido	m
Guillermo	m
Gunde	m
Gundo	m
Gunnar	m
Günter	m
Gunter	m
Gunther	m
Günther	m
Guntram	m
Gürkan	m
Gustav	m
Gustavo	m
Gustl	m
Guus	m
Gyula	m
György	m
Haakon	m
Hadmar	m
Hadrian	m
Hakan	m
Hakki	m
Hal	m
Halef	m
Halldór	m
Hanif	m
Hannes	m
Hans	m
Hans Peter	m
Hansjörg	m
Harald	m
Harmens	m
Harrison	m
Harro	m
Harry	m
Hartmann	m
Hartmut	m
Hartwig	m
Hartwin	m
Harvey	m
Hassan	m
Hatto	m
Hauke	m
Hedi	m
Heike	m
Heiko	m
Heinrich	m
Heinz	m
Helge	m
Helmut	m
Hendrik	m
Henk	m
Henner	m
Hennes	m
Henning	m
Henny	m
Henrik	m
Henrique	m
Henry	m
Herbert	m
Herbie	m
Heribert	m
Hermann	m
Heron	m
Herward	m
Hieronymus	m
Hilko	m
Hillebrand	m
Hippokoon	m
Hippolytos	m
Hjalmar	m
Holger	m
Homer	m
Horace	m
Horst	m
Howard	m
Hubert	m
Hugh	m
Hugo	m
Humbert	m
Humphrey	m
Hunter	m
Iain	m
Ian	m
Ignaz	m
Igor	m
Iker	m
Ilia	m
Ilija	m
Ilja	m
Ilkay	m
Ilker	m
Immanuel	m
Ingmar	m
Ingo	m
Ingolf	m
Ingvar	m
Ioan	m
Ion	m
Ionel	m
Ira	m
Irem	m
Irenäus	m
Isaak	m
Ishaq	m
Isidore	m
Ismail	m
Ismo	m
Israel	m
Ivar	m
Ivo	m
Iwan	m
Jacek	m
Jack	m
Jacob	m
Jacques	m
Jakob	m
James	m
Jan	m
Janis	m
Janne	m
Janosch	m
Janusz	m
Jared	m
Jari	m
Jarkko	m
Jaromir	m
Jaron	m
Jaroslav	m
Jason	m
Jasper	m
Jay	m
Jean	m
Jean-Luc	m
Jeldrik	m
Jenin	m
Jens	m
Jeremias	m
Jerzy	m
Jesko	m
Jesse	m
Jesus	m
Jevrosim	m
Jirko	m
Joachim	m
Joah	m
Jockel	m
Jodok	m
Joel	m
Jógvan	m
Johann	m
Johann Baptist	m
Johannes	m
Johnny	m
Joksim	m
Jon	m
Jón	m
Jonas	m
Jonathan	m
Joni	m
Jonny	m
Joost	m
Jöran	m
Jordan	m
Jörg	m
Jorge	m
Jorma	m
Jörn	m
Jorrit	m
Josef	m
Josua	m
Jovan	m
Juan	m
Juhani	m
Jule	m
Jules	m
Julian	m
Julien	m
Julius	m
Jürgen	m
Juri	m
Justus	m
Jyrki	m
Jürg	m
Kaeso	m
Kai	m
Kais	m
Kalle	m
Kamal	m
Kamil	m
Kamran	m
Kaoru	m
Karel	m
Kari	m
Karim	m
Karl	m
Karl-Heinz	m
Karlmann	m
Karol	m
Karsten	m
Kartal	m
Kashtrim	m
Kasimir	m
Kaspar	m
Keanu	m
Kelly	m
Kemal	m
Ken	m
Kenneth	m
Kenny	m
Kent	m
Kevin	m
Kilian	m
Kim	m
Kimberly	m
Kirk	m
Kiro	m
Kirsten	m
Klaus	m
Knut	m
Kofi	m
Koloman	m
Konrad	m
Konstantin	m
Korbinian	m
Kosmas	m
Kristján	m
Kunibert	m
Kurt	m
Kwadwo	m
Kyros	m
Lajos	m
Lambert	m
Lamprecht	m
Lance	m
Lars	m
Lasar	m
László	m
Laurentius	m
Lawr	m
Lazar	m
Lazarus	m
Leander	m
Leiderat	m
Leif	m
Lelex	m
Leo	m
Leon	m
Leonardo	m
Leonhard	m
Leopold	m
Lev	m
Levent	m
Levente	m
Liam	m
Lieven	m
Linus	m
Lionel	m
Livio	m
Ljubiša	m
Lloyd	m
Lodewijk	m
Lorcan	m
Lorenz	m
Loris	m
Louis	m
Luca	m
Luciano	m
Lucius	m
Ludger	m
Ludwig	m
Luigi	m
Luis	m
Lukas	m
Lunis	m
Magd	m
Magnus	m
Maik	m
Malcolm	m
Malik	m
Malte	m
Mamercus	m
Manfred	m
Manius	m
Manu	m
Manuel	m
Marc	m
Marcellus	m
Maria	m
Marian	m
Mariano	m
Mario	m
Marion	m
Marius	m
Mark	m
Markus	m
Marlo	m
Marlon	m
Marshall	m
Martin	m
Martti	m
Marvin	m
Masahito	m
Matan	m
Mats	m
Matt	m
Matthias	m
Matti	m
Maurizio	m
Maurus	m
Maximilian	m
Medard	m
Mehmet	m
Mehrdad	m
Meiko	m
Meinolf	m
Melchior	m
Menne	m
Menzies	m
Merten	m
Metello	m
Metin	m
Micha	m
Michael	m
Michail	m
Michal	m
Michele	m
Mickey	m
Mieszko	m
Miguel	m
Mihai	m
Mika	m
Mikkel	m
Mikko	m
Milan	m
Miloš	m
Mio	m
Mirko	m
Mischa	m
Mitja	m
Mladen	m
Modestus	m
Moe	m
Mohammed	m
Momme	m
Montgomery	m
Moritz	m
Morten	m
Mstislaw	m
Munir	m
Murad	m
Myron	m
Nando	m
Nanuk	m
Nathan	m
Nathanael	m
Natmir	m
Nebojša	m
Neil	m
Nektarios	m
Nenad	m
Nepomuk	m
Nevio	m
Niall	m
Nicky	m
Nico	m
Nicola	m
Nigel	m
Nikita	m
Nikodemus	m
Nikola	m
Nikolai	m
Nikolaos	m
Nikolaus	m
Nils	m
Nima	m
Nino	m
Nio	m
Noah	m
Noam	m
Noël	m
Norbert	m
Norman	m
Numa	m
Numerius	m
Obed	m
Obrad	m
Ocke	m
Octavian	m
Odo	m
Ödön	m
Oelfke	m
Ognjen	m
Oibalos	m
Okan	m
Okay	m
Oktay	m
Ola	m
Olaf	m
Ólafur	m
Olav	m
Olavi	m
Ole	m
Oleg	m
Oliver	m
Olivier	m
Olle	m
Olof	m
Oluf	m
Omari	m
Onno	m
Onuphrius	m
Onur	m
Oran	m
Orhan	m
Oskar	m
Oslac	m
Ossip	m
Oswald	m
Oswin	m
Othmar	m
Otso	m
Ottfried	m
Otto	m
Ottokar	m
Ottorino	m
Ove	m
Owen	m
Özcan	m
Ozren	m
Pablo	m
Pantaleon	m
Paris	m
Parviz	m
Pascal	m
Patrice	m
Patricius	m
Patrick	m
Paul	m
Paulinho	m
Peer	m
Pekka	m
Pentti	m
Peppone	m
Peregrin	m
Periander	m
Perieres	m
Peter	m
Petrus	m
Petter	m
Peyman	m
Phalkes	m
Phelan	m
Philemon	m
Philipp	m
Piet	m
Pikria	m
Pinchas	m
Pinkus	m
Pippin	m
Pir	m
Pirmin	m
Pit	m
Pius	m
Polydoros	m
Polykarp	m
Pontius	m
Predrag	m
Protasius	m
Publius	m
Pádraig	m
Quentin	m
Quintus	m
Quirin	m
Rabie	m
Radomir	m
Radoslav	m
Rafiki	m
Rahul	m
Raimund	m
Rainald	m
Rainer	m
Rainhard	m
Raj	m
Raja	m
Rajendra	m
Rajiv	m
Rajko	m
Ralf	m
Ralph	m
Rambo	m
Rami	m
Ramin	m
Randolf	m
Raphael	m
Rasso	m
Recep	m
Reemt	m
Reginald	m
Regis	m
Reinhard	m
Reinhardt	m
Reinhart	m
Reinhold	m
Remeco	m
Remigius	m
Remo	m
Remy	m
Renaud	m
René	m
Reto	m
Reza	m
Ricardo	m
Richard	m
Richie	m
Rico	m
Ridvan	m
Rifat	m
Rinaldo	m
Ringo	m
Roald	m
Rob	m
Robbie	m
Robby	m
Robert	m
Robin	m
Robinson	m
Rochus	m
Rodion	m
Roger	m
Roland	m
Rolandas	m
Rolando	m
Roman	m
Romed	m
Romeo	m
Ronald	m
Ronan	m
Ronnie	m
Ronny	m
Rostam	m
Rostislaw	m
Roy	m
Ruben	m
Rüdiger	m
Rudolf	m
Rufus	m
Rupert	m
Ruslan	m
Russell	m
Rutger	m
Sabri	m
Sachso	m
Saddam	m
Said	m
Salomo	m
Salomon	m
Salvatore	m
Samir	m
Samuel	m
Samuil	m
Sancho	m
Sander	m
Sandro	m
Sandy	m
Sascha	m
Sassan	m
Scott	m
Sean	m
Sebald	m
Sebastian	m
Sebastiano	m
Sedat	m
Selim	m
Sepp	m
Serenus	m
Serge	m
Sergei	m
Sergio	m
Sergius	m
Servius	m
Sextus	m
Seymour	m
Shahryar	m
Shane	m
Shannon	m
Shelly	m
Shirley	m
Siegbald	m
Siegbert	m
Siegfried	m
Siegmund	m
Siegward	m
Sievert	m
Sigismund	m
Sigmar	m
Sigmund	m
Sigurd	m
Silas	m
Silvan	m
Silvester	m
Silvio	m
Simon	m
Siyar	m
Sjut	m
Slawomir	m
Slobodan	m
Sonia	m
Sönke	m
Sören	m
Spurius	m
Srboje	m
Srecko	m
Stanislaus	m
Stefan	m
Stefano	m
Stein	m
Sthenelos	m
Stig	m
Stijn	m
Sture	m
Sturm	m
Stylianos	m
Suleiman	m
Sven	m
Sverre	m
Swjatoslaw	m
Szabolcs	m
Sándor	m
Taavi	m
Taha	m
Taisto	m
Takis	m
Tammo	m
Taner	m
Tarik	m
Tarzisius	m
Tassilo	m
Taylor	m
Teemu	m
Tekin	m
Terence	m
Terenzio	m
Theodo	m
Theodor	m
Theodore	m
Theophil	m
Theumis	m
Thierry	m
Thilo	m
Thomas	m
Thor	m
Thorbjörn	m
Thorge	m
Thorsten	m
Thorwald	m
Tiberius	m
Tietje	m
Tilman	m
Tim	m
Timo	m
Timon	m
Timothy	m
Tin	m
Tjarko	m
Tobias	m
Tomohito	m
Toni	m
Torben	m
Tord	m
Torger	m
Traian	m
Tristan	m
Tuncay	m
Ture	m
Udalrich	m
Udo	m
Ueli	m
Ufuk	m
Ulf	m
Ulrich	m
Umar	m
Ümit	m
Urban	m
Uri	m
Urian	m
Uroš	m
Urs	m
Uthman	m
Utto	m
Uwe	m
Vaclav	m
Väinö	m
Valentin	m
Vasco	m
Vasilije	m
Vatroslav	m
Veikko	m
Veit	m
Veli	m
Veli	m
Vicente	m
Victor	m
Vijay	m
Vikentije	m
Vikram	m
Vishwanath	m
Vitali	m
Vivien	m
Vlasta	m
Vojin	m
Volkan	m
Volker	m
Volkmar	m
Vollrath	m
Vukašin	m
Wadim	m
Waldemar	m
Waleri	m
Walter	m
Wanja	m
Ward	m
Warin	m
Waylon	m
Wazzo	m
Webster	m
Wenzel	m
Werner	m
Wichard	m
Wichmann	m
Widukind	m
Wiegand	m
Wieland	m
Wigald	m
Wilfried	m
Wilhelm	m
Willi	m
William	m
Willibald	m
Willy	m
Wilmut	m
Wim	m
Winand	m
Winston	m
Wissarion	m
Wito	m
Wladimir	m
Wladyslaw	m
Wojciech	m
Wolf	m
Wolfgang	m
Wolfhard	m
Wolfram	m
Woody	m
Wsewolod	m
Xaver	m
Yahya	m
Yann	m
Yannick	m
Yasin	m
Yildirim	m
Yilmaz	m
Yrjö	m
Yüksel	m
Yusuf	m
Yves	m
Zacharias	m
Zafer	m
Zahar	m
Zaharije	m
Žarko	m
Zdenek	m
Zdravko	m
Zenon	m
Zeuxippos	m
Zlatko	m
Zoran	m
Zoticus	m
Zsombor	m
Zvezdan	m
Zygmunt	m
