Aischa	f
Abelina	f
Abigail	f
Acar	f
Ada	f
Adela	f
Adele	f
Adelgunde	f
Adelheid	f
Adelinde	f
Adina	f
Adolfine	f
Adriana	f
Adriane	f
Adrienne	f
Afsahne	f
Agathe	f
Aglaia	f
Agnes	f
Agrippina	f
Ahinoam	f
Ahlheit	f
Aida	f
Aiko	f
Aimie	f
Aimée	f
Akira	f
Alberta	f
Albertine	f
Alda	f
Alena	f
Alenn	f
Alev	f
Alexandra	f
Alfke	f
Alfreda	f
Alice	f
Alicia	f
Alicja	f
Alina	f
Alison	f
Alkan	f
Allegra	f
Alma	f
Almut	f
Aloisia	f
Alrun	f
Alva	f
Alwine	f
Alyssa	f
Amalberga	f
Amalie	f
Amana	f
Amanda	f
Amelie	f
Amina	f
Aminata	f
Amrei	f
Amy	f
Amélie	f
Anastasia	f
Andrea	f
Andree	f
Angel	f
Angela	f
Angelika	f
Angelina	f
Angelique	f
Anita	f
Anja	f
Anjuli	f
Ann	f
Anna	f
Annalena	f
Annegret	f
Annelie	f
Anneliese	f
Annemarie	f
Annette	f
Annika	f
Annunziata	f
Anouk	f
Ansgard	f
Antje	f
Antoinette	f
Antonia	f
Antonie	f
Aoife	f
Apollonia	f
April	f
Ariadne	f
Ariane	f
Ariel	f
Arik	f
Armgard	f
Åsa	f
Astrid	f
Atarah	f
Audrey	f
Augusta	f
Auguste	f
Augustine	f
Aurelia	f
Aurora	f
Austeja	f
Ava	f
Avril	f
Aydan	f
Ayla	f
Aylin	f
Ayse	f
Aytaç	f
Babette	f
Barbara	f
Bastienne	f
Beate	f
Beatrice	f
Beatrix	f
Belinda	f
Berit	f
Bernadette	f
Bettina	f
Betty	f
Bianca	f
Biljana	f
Birgit	f
Birte	f
Blaženka	f
Bo	f
Bobbie	f
Bodil	f
Božena	f
Brandy	f
Brenda	f
Bridget	f
Brigitte	f
Brittany	f
Brunhild	f
Cäcilie	f
Camilla	f
Camille	f
Carina	f
Carmen	f
Carola	f
Carolin	f
Caroline	f
Cécile	f
Celia	f
Celina	f
Cemile	f
Ceylan	f
Chantal	f
Charlotte	f
Chava	f
Chelsea	f
Cheyenne	f
Chloe	f
Christiane	f
Christine	f
Cindy	f
Claire	f
Claudia	f
Clementine	f
Codruta	f
Colleen	f
Constantia	f
Constanze	f
Cordula	f
Corinna	f
Cornelia	f
Cosima	f
Dagmar	f
Dagny	f
Daisy	f
Dana	f
Danica	f
Daniela	f
Daria	f
Darlene	f
Debora	f
Delia	f
Denise	f
Deniz	f
Desideria	f
Désirée	f
Diana	f
Diemut	f
Diethild	f
Dietlinde	f
Dilara	f
Dimitra	f
Dina	f
Dita	f
Ditte	f
Dolly	f
Dolores	f
Dominique	f
Dora	f
Dore	f
Doreen	f
Doris	f
Doro	f
Dorota	f
Dorothea	f
Dorothy	f
Dörte	f
Dorthe	f
Dragana	f
Dunja	f
Dyveke	f
Ece	f
Edda	f
Edeltraud	f
Edina	f
Edith	f
Edna	f
Eileen	f
Eleonore	f
Elfriede	f
Elina	f
Elisabeth	f
Elisha	f
Elke	f
Ellen	f
Elli	f
Elma	f
Elmira	f
Elsa	f
Else	f
Emerentia	f
Emilia	f
Emilie	f
Emily	f
Emma	f
Emmanuelle	f
Erdmute	f
Eren	f
Erika	f
Erna	f
Ernesta	f
Esin	f
Esma	f
Esmeralda	f
Esra	f
Esther	f
Eudokia	f
Eulalia	f
Eulalie	f
Euphrasina	f
Eva	f
Evangelia	f
Eve	f
Evegret	f
Evelyn	f
Evi	f
Evrim	f
Ewa	f
Fabia	f
Fabienne	f
Fajola	f
Famke	f
Fanchon	f
Fanta	f
Felicitas	f
Fenja	f
Fennedine	f
Fernanda	f
Finja	f
Finn	f
Fiona	f
Flavia	f
Flora	f
Florentine	f
Francine	f
Franziska	f
Françoise	f
Frauke	f
Freddy	f
Frida	f
Frieda	f
Friederike	f
Gabriele	f
Galina	f
Gay	f
Geesche	f
Gefion	f
Gemma	f
Genoveva	f
Geofreda	f
Georgia	f
Gerberga	f
Gerda	f
Gerhild	f
Gerlinde	f
Germaine	f
Germana	f
Gerrit	f
Gertrud	f
Gesche	f
Gesine	f
Gina	f
Ginger	f
Ginny	f
Gisela	f
Gisele	f
Grazyna	f
Greta	f
Gretchen	f
Griseldis	f
Guðrún	f
Gudrun	f
Gunda	f
Gunde	f
Gundel	f
Gundela	f
Gundelinde	f
Gundi	f
Gundula	f
Gustl	f
Gwen	f
Gwendolin	f
Gwyneth	f
Hanako	f
Hanna	f
Hannah	f
Hannelore	f
Hatice	f
Heather	f
Hedda	f
Hedi	f
Hedwig	f
Heidelinde	f
Heidi	f
Heidrun	f
Heike	f
Heilgard	f
Helena	f
Helene	f
Helga	f
Helgard	f
Helge	f
Heliane	f
Helke	f
Hella	f
Hemma	f
Henriette	f
Henrike	f
Hermine	f
Hertha	f
Hilde	f
Hildegard	f
Hiltrud	f
Iben	f
Ibtisam	f
Ida	f
Ilka	f
Ilkay	f
Ilona	f
Ilse	f
Imke	f
Imogen	f
Ina	f
Indira	f
Ines	f
Inga	f
Inge	f
Ingeburg	f
Ingmar	f
Ingrid	f
Inka	f
Inken	f
Iona	f
Ira	f
Irem	f
Irena	f
Irene	f
Iris	f
Irma	f
Irmela	f
Irmgard	f
Irmtraud	f
Isabella	f
Isabelle	f
Isolde	f
Italia	f
Ivana	f
Ivy	f
Jacqueline	f
Jadranka	f
Jaël	f
Jakobäa	f
Jan	f
Jana	f
Janice	f
Janina	f
Janine	f
Janis	f
Janka	f
Janne	f
Jannica	f
Janserey	f
Jarmila	f
Jasmin	f
Jean	f
Jeanette	f
Jeannette	f
Jeannie	f
Jelena	f
Jelly	f
Jenette	f
Jenin	f
Jenna	f
Jennifer	f
Jenny	f
Jessica	f
Jiska	f
Joelle	f
Johanna	f
Jolante	f
Joni	f
Jördis	f
Jorina	f
Jorinde	f
Josephine	f
Jowanka	f
Ju-Mie	f
Judith	f
Jule	f
Julia	f
Juliana	f
Juliane	f
Julie	f
Julienne	f
Juliette	f
Junia	f
Juri	f
Justine	f
Jutta	f
Jónína	f
Kai	f
Kaltrina	f
Kaoru	f
Karen	f
Kari	f
Karin	f
Karina	f
Karja	f
Karla	f
Karolina	f
Karoline	f
Kassandra	f
Katalin	f
Kate	f
Katharina	f
Käthe	f
Kathy	f
Katia	f
Katie	f
Katja	f
Kea	f
Keiko	f
Kelly	f
Kerstin	f
Kezia	f
Kiko	f
Kikuko	f
Kim	f
Kimberly	f
Kira	f
Kirsten	f
Kirstin	f
Kitty	f
Klara	f
Kriemhild	f
Ksenija	f
Ksymena	f
Kunigunde	f
Kylie	f
Laetitia	f
Laila	f
Lais	f
Lana	f
Lara	f
Larissa	f
Laura	f
Laurie	f
Lea	f
Leandra	f
Lena	f
Leni	f
Lenka	f
Lensi	f
Leo	f
Leonie	f
Leontine	f
Leyla	f
Lia	f
Liane	f
Libertas	f
Lidia	f
Lidwina	f
Lilith	f
Lilli	f
Lina	f
Linda	f
Linnea	f
Lioba	f
Lisanne	f
Liselotte	f
Liv	f
Livia	f
Ljilja	f
Ljiljana	f
Ljubow	f
Ljudmila	f
Lola	f
Loreley	f
Lorraine	f
Lubina	f
Luca	f
Lucia	f
Ludmilla	f
Luisa	f
Luise	f
Luitgard	f
Luna	f
Lupita	f
Lydia	f
Ma	f
Mabel	f
Madison	f
Magda	f
Magdalena	f
Maia	f
Maike	f
Mailin	f
Maja	f
Malika	f
Malwine	f
Mandy	f
Manina	f
Manja	f
Manuela	f
Mara	f
Marcella	f
Marcia	f
Mareen	f
Mareile	f
Mareke	f
Maren	f
Margarete	f
Maria	f
Marianne	f
Marie	f
Mariella	f
Marietta	f
Marina	f
Marion	f
Marisa	f
Marjorie	f
Marleen	f
Marlo	f
Marnie	f
Martha	f
Martina	f
Maryam	f
Masako	f
Mascha	f
Mathilde	f
Mattea	f
Maximiliane	f
Maya	f
Meara	f
Mechthild	f
Meera	f
Melanie	f
Melina	f
Melisende	f
Melissa	f
Melitta	f
Meral	f
Mercedes	f
Meret	f
Merit	f
Merrit	f
Meryl	f
Meta	f
Mette	f
Mia	f
Michaela	f
Michal	f
Michelle	f
Michèle	f
Mie	f
Mika	f
Milanka	f
Mildred	f
Milena	f
Millicent	f
Milonja	f
Mira	f
Miranda	f
Miriam	f
Mirja	f
Mirka	f
Mischa	f
Moll	f
Molly	f
Mona	f
Monika	f
Mounira	f
Muriel	f
Nadège	f
Nadia	f
Nadine	f
Nancy	f
Natalie	f
Natascha	f
Nathanja	f
Neve	f
Niamh	f
Nicky	f
Nico	f
Nicola	f
Nicole	f
Nike	f
Nikita	f
Nikola	f
Nikoletta	f
Nilofar	f
Nilüfer	f
Nina	f
Nino	f
Nisha	f
Nives	f
Noam	f
Nobuko	f
Noemi	f
Nora	f
Núria	f
Nursel	f
Nyota	f
Oda	f
Ognjena	f
Oksana	f
Ola	f
Olga	f
Olivia	f
Oona	f
Oranna	f
Ortrud	f
Oumou	f
Özge	f
Pamela	f
Paraskeva	f
Pascale	f
Patrice	f
Patricia	f
Paula	f
Paulette	f
Pauline	f
Penelope	f
Petra	f
Petrissa	f
Petronella	f
Philine	f
Philippa	f
Philomena	f
Phoebe	f
Pia	f
Pierret	f
Pikria	f
Pinar	f
Pirkko	f
Polina	f
Polly	f
Priscilla	f
Priska	f
Rabea	f
Rachel	f
Ragna	f
Ragnhild	f
Raissa	f
Raja	f
Rajana	f
Ramona	f
Rauthgundis	f
Rebecca	f
Regina	f
Regis	f
Réka	f
Renate	f
René	f
Reza	f
Ricarda	f
Ridvan	f
Rike	f
Rimante	f
Rita	f
Roberta	f
Robin	f
Romana	f
Romilda	f
Romy	f
Ronja	f
Rosa	f
Rosemarie	f
Rosina	f
Roswitha	f
Rowena	f
Roxana	f
Rózsa	f
Ruth	f
Sabine	f
Sabrina	f
Sachiko	f
Salma	f
Salome	f
Samantha	f
Samira	f
Sandra	f
Sandrine	f
Sandy	f
Sara	f
Sascha	f
Saskia	f
Scholastika	f
Senka	f
Senta	f
Serena	f
Seteney	f
Shanna	f
Shannon	f
Shelly	f
Shirley	f
Sibel	f
Sibylle	f
Sieglinde	f
Sietske	f
Sigita	f
Sigrid	f
Sigrun	f
Sigune	f
Siham	f
Silja	f
Silke	f
Silvana	f
Silvia	f
Simone	f
Sina	f
Sinaida	f
Sinja	f
Sinje	f
Skrollan	f
Smilla	f
Solana	f
Solveig	f
Sona	f
Sonia	f
Sonja	f
Sonya	f
Sophia	f
Stefanie	f
Stella	f
Sulamith	f
Sünje	f
Sünne	f
Susan	f
Susanne	f
Svea	f
Svenja	f
Swantje	f
Swetlana	f
Synke	f
Tabea	f
Tamar	f
Tamara	f
Tanja	f
Tara	f
Tarja	f
Tatjana	f
Tayla	f
Taylor	f
Telma	f
Teresa	f
Thea	f
Thekla	f
Thelma	f
Theodora	f
Therese	f
Thordis	f
Thurid	f
Timea	f
Tina	f
Tirza	f
Tjorven	f
Toni	f
Trine	f
Tristan	f
Tuja	f
Tuncay	f
Tuuli	f
Ulrike	f
Ursula	f
Urte	f
Ute	f
Valentina	f
Valerie	f
Valeska	f
Vanessa	f
Vappu	f
Vera	f
Verena	f
Veronika	f
Vesna	f
Viktoria	f
Viola	f
Virginia	f
Viviana	f
Vivien	f
Vlasta	f
Walburga	f
Walli	f
Waltraud	f
Wera	f
Wiebke	f
Wilhelmine	f
Wilma	f
Wiltrud	f
Winifred	f
Winona	f
Xaveria	f
Xenia	f
Yanti	f
Yara	f
Yella	f
Yente	f
Ylva	f
Yvonne	f
Zahar	f
Zainab	f
Zeruja	f
Zita	f
Zlata	f
Zoe	f
Aadolf	m
Aaron	m
Abda	m
Abdallah	m
Abdi	m
Abel	m
Abraham	m
Acar	m
Achatius	m
Achim	m
Adalbero	m
Adalbert	m
Adalnot	m
Adalward	m
Adam	m
Adelbert	m
Adnan	m
Adolf	m
Adrian	m
Adriano	m
Ägidius	m
Ägir	m
Agrippa	m
Ahmad	m
Aigialeus	m
Aiko	m
Aiman	m
Aimé	m
Aitor	m
Akai	m
Akira	m
Alain	m
Alan	m
Alastair	m
Alban	m
Alberich	m
Albert	m
Albin	m
Albrecht	m
Albwin	m
Alcetes	m
Aldhelm	m
Aleksije	m
Alen	m
Alexander	m
Alexei	m
Alfke	m
Alfons	m
Alfred	m
Algis	m
Ali	m
Alkan	m
Álmos	m
Alois	m
Alphonse	m
Altor	m
Alva	m
Alvar	m
Alwin	m
Amadeus	m
Amalrich	m
Amos	m
Amram	m
Amyklas	m
Anastasius	m
Anders	m
Andor	m
André	m
Andrea	m
Andreas	m
Andree	m
Andrei	m
Andrej	m
Andres	m
Andrew	m
Andrin	m
Andrzej	m
Angel	m
Ángel	m
Anianus	m
Anno	m
Anselm	m
Ansgar	m
Anthony	m
Anton	m
Antonius	m
Andelko	m
Appius	m
Archibald	m
Aribert	m
Ariel	m
Arik	m
Arkadius	m
Armin	m
Arndt	m
Arne	m
Arnim	m
Arno	m
Arnold	m
Arnulf	m
Arsenije	m
Arthur	m
Artturi	m
Arved	m
Asim	m
Asios	m
Aslan	m
Asmund	m
Atanasije	m
Athanasios	m
Attila	m
Atze	m
August	m
Auguste	m
Augustin	m
Augustinus	m
Augusto	m
Augustus	m
Aulus	m
Axel	m
Aydan	m
Aytaç	m
Babatunde	m
Baki	m
Balduin	m
Baldur	m
Bálint	m
Balthasar	m
Baptist	m
Barnabas	m
Barney	m
Barry	m
Barthel	m
Bartholemew	m
Bartholomäus	m
Bartholomeus	m
Barthélemy	m
Bartimäus	m
Bartolomeo	m
Bartolommeo	m
Bartolomé	m
Baruch	m
Bastian	m
Beat	m
Béla	m
Benedikt	m
Benito	m
Benjamin	m
Benno	m
Bent	m
Beppo	m
Bernd	m
Bernhard	m
Bernold	m
Bert	m
Berthold	m
Bertold	m
Bill	m
Birger	m
Bjarne	m
Bjartur	m
Björn	m
Blagoja	m
Blagoje	m
Blasius	m
Blažen	m
Bo	m
Bob	m
Bobbie	m
Bodo	m
Bogdan	m
Bohumil	m
Bojan	m
Boleslaw	m
Bonifatius	m
Boris	m
Börje	m
Boros	m
Botond	m
Borivoj	m
Branislav	m
Brian	m
Bronislaw	m
Bruce	m
Bruno	m
Bud	m
Bulcsú	m
Bülent	m
Burghard	m
Burkhardt	m
Caius	m
Calvin	m
Camille	m
Can	m
Candid	m
Carl	m
Carlo	m
Carlos	m
Carsten	m
Carter	m
Cécile	m
Cédric	m
Cemil	m
Cenk	m
Cesare	m
Chaim	m
Charles	m
Chiemo	m
Chlodwig	m
Chlothar	m
Christian	m
Christoph	m
Christophe	m
Christopher	m
Chuck	m
Claudio	m
Clemens	m
Colin	m
Conan	m
Conrad	m
Constantijn	m
Cord	m
Corneille	m
Cornelius	m
Corvin	m
Cosimo	m
Craig	m
Crispian	m
Csanád	m
Dagobert	m
Damian	m
Damir	m
Dana	m
Daniel	m
Danilo	m
Dankwart	m
Dario	m
Darius	m
Darko	m
David	m
Decimus	m
Dedo	m
Demian	m
Demir	m
Denes	m
Deniz	m
Dennis	m
Derek	m
Desiderius	m
Detlef	m
Dexter	m
Diego	m
Diemo	m
Dierk	m
Dieter	m
Diethelm	m
Dietmar	m
Dietrich	m
Dimitar	m
Dino	m
Dirk	m
Djordje	m
Dmitri	m
Domas	m
Domenico	m
Domingo	m
Dominick	m
Dominik	m
Dominique	m
Donald	m
Donatus	m
Dorian	m
Dorotheos	m
Douglas	m
Dragan	m
Dragutin	m
Dresel	m
Dschamal	m
Dušan	m
Dustin	m
Ebbo	m
Eben-Ezer	m
Ebenezer	m
Eberhard	m
Eckbert	m
Eckhardt	m
Edgar	m
Edmund	m
Eduard	m
Eduardo	m
Edward	m
Edwin	m
Edzard	m
Eero	m
Egbert	m
Egon	m
Ehssan	m
Eiji	m
Eik	m
Eike	m
Einar	m
Eino	m
Eitel Friedrich	m
Ekkehard	m
Eleftherios	m
Eli	m
Elias	m
Elie	m
Elimar	m
Elisha	m
Elmar	m
Elvis	m
Emanuel	m
Emicho	m
Emil	m
Emmanuel	m
Emmeram	m
Emmett	m
Emre	m
Engelbert	m
Enis	m
Ennio	m
Enno	m
Enrico	m
Enzo	m
Eoin	m
Ephraim	m
Erasmus	m
Ercan	m
Erdmann	m
Erdogan	m
Eren	m
Erhan	m
Erhard	m
Eric	m
Erich	m
Erkan	m
Erland	m
Erlendur	m
Ernest	m
Ernesto	m
Ernst	m
Erol	m
Errol	m
Erwin	m
Eskil	m
Esra	m
Essad	m
Ettore	m
Eugen	m
Evrim	m
Ewald	m
Ezzo	m
Fabian	m
Fabiano	m
Fabio	m
Fabius	m
Falk	m
Falko	m
Fatih	m
Fatos	m
Federico	m
Feissa	m
Felipe	m
Felix	m
Ferdi	m
Ferdinand	m
Ferenc	m
Fernando	m
Fidel	m
Fikret	m
Filippo	m
Finlay	m
Finley	m
Finn	m
Firmin	m
Flavio	m
Florentin	m
Florenz	m
Florestan	m
Florian	m
Francesco	m
Francisco	m
Franco	m
Franjo	m
Frank	m
František	m
Franz	m
Franz Xaver	m
Fred	m
Freddie	m
Freddy	m
Frederick	m
Fridolin	m
Friðrik	m
Fridtjof	m
Friedemann	m
Frieder	m
Friedrich	m
Frigyes	m
Fritz	m
Fürchtegott	m
Gabriel	m
Gabriele	m
Gaetano	m
Gaius	m
Garibald	m
Gaston	m
Gaudenz	m
Gavin	m
Gay	m
Gaylord	m
Gebhard	m
Genc	m
Geoffrey	m
Georg	m
Georg Friedrich	m
Georges	m
Gerald	m
Gerard	m
Gereon	m
Gergely	m
Gerhard	m
Gerhart	m
German	m
Germann	m
Gernot	m
Gero	m
Gerold	m
Gerrit	m
Gervais	m
Gerwin	m
Gideon	m
Gilbert	m
Ginger	m
Giorgio	m
Giovanni	m
Gisbert	m
Giselbert	m
Giuseppe	m
Gizur	m
Gnaeus	m
Gökhan	m
Gonthier	m
Goran	m
Gorka	m
Goswin	m
Gottfried	m
Gotthilf	m
Gottlieb	m
Götz	m
Graham	m
Gregor	m
Grellan	m
Grigorije	m
Grimo	m
Grimoald	m
Grischa	m
Guglielmo	m
Guido	m
Guillermo	m
Gunde	m
Gundo	m
Gunnar	m
Günter	m
Gunter	m
Gunther	m
Günther	m
Guntram	m
Gürkan	m
Gustav	m
Gustavo	m
Gustl	m
Guus	m
Gyula	m
György	m
Haakon	m
Hadmar	m
Hadrian	m
Hakan	m
Hakki	m
Hal	m
Halef	m
Halldór	m
Hanif	m
Hannes	m
Hans	m
Hans Peter	m
Hansjörg	m
Harald	m
Harmens	m
Harrison	m
Harro	m
Harry	m
Hartmann	m
Hartmut	m
Hartwig	m
Hartwin	m
Harvey	m
Hassan	m
Hatto	m
Hauke	m
Hedi	m
Heike	m
Heiko	m
Heinrich	m
Heinz	m
Helge	m
Helmut	m
Hendrik	m
Henk	m
Henner	m
Hennes	m
Henning	m
Henny	m
Henrik	m
Henrique	m
Henry	m
Herbert	m
Herbie	m
Heribert	m
Hermann	m
Heron	m
Herward	m
Hieronymus	m
Hilko	m
Hillebrand	m
Hippokoon	m
Hippolytos	m
Hjalmar	m
Holger	m
Homer	m
Horace	m
Horst	m
Howard	m
Hubert	m
Hugh	m
Hugo	m
Humbert	m
Humphrey	m
Hunter	m
Iain	m
Ian	m
Ignaz	m
Igor	m
Iker	m
Ilia	m
Ilija	m
Ilja	m
Ilkay	m
Ilker	m
Immanuel	m
Ingmar	m
Ingo	m
Ingolf	m
Ingvar	m
Ioan	m
Ion	m
Ionel	m
Ira	m
Irem	m
Irenäus	m
Isaak	m
Ishaq	m
Isidore	m
Ismail	m
Ismo	m
Israel	m
Ivar	m
Ivo	m
Iwan	m
Jacek	m
Jack	m
Jacob	m
Jacques	m
Jakob	m
James	m
Jan	m
Janis	m
Janne	m
Janosch	m
Janusz	m
Jared	m
Jari	m
Jarkko	m
Jaromir	m
Jaron	m
Jaroslav	m
Jason	m
Jasper	m
Jay	m
Jean	m
Jean-Luc	m
Jeldrik	m
Jenin	m
Jens	m
Jeremias	m
Jerzy	m
Jesko	m
Jesse	m
Jesus	m
Jevrosim	m
Jirko	m
Joachim	m
Joah	m
Jockel	m
Jodok	m
Joel	m
Jógvan	m
Johann	m
Johann Baptist	m
Johannes	m
Johnny	m
Joksim	m
Jon	m
Jón	m
Jonas	m
Jonathan	m
Joni	m
Jonny	m
Joost	m
Jöran	m
Jordan	m
Jörg	m
Jorge	m
Jorma	m
Jörn	m
Jorrit	m
Josef	m
Josua	m
Jovan	m
Juan	m
Juhani	m
Jule	m
Jules	m
Julian	m
Julien	m
Julius	m
Jürgen	m
Juri	m
Justus	m
Jyrki	m
Jürg	m
Kaeso	m
Kai	m
Kais	m
Kalle	m
Kamal	m
Kamil	m
Kamran	m
Kaoru	m
Karel	m
Kari	m
Karim	m
Karl	m
Karl-Heinz	m
Karlmann	m
Karol	m
Karsten	m
Kartal	m
Kashtrim	m
Kasimir	m
Kaspar	m
Keanu	m
Kelly	m
Kemal	m
Ken	m
Kenneth	m
Kenny	m
Kent	m
Kevin	m
Kilian	m
Kim	m
Kimberly	m
Kirk	m
Kiro	m
Kirsten	m
Klaus	m
Knut	m
Kofi	m
Koloman	m
Konrad	m
Konstantin	m
Korbinian	m
Kosmas	m
Kristján	m
Kunibert	m
Kurt	m
Kwadwo	m
Kyros	m
Lajos	m
Lambert	m
Lamprecht	m
Lance	m
Lars	m
Lasar	m
László	m
Laurentius	m
Lawr	m
Lazar	m
Lazarus	m
Leander	m
Leiderat	m
Leif	m
Lelex	m
Leo	m
Leon	m
Leonardo	m
Leonhard	m
Leopold	m
Lev	m
Levent	m
Levente	m
Liam	m
Lieven	m
Linus	m
Lionel	m
Livio	m
Ljubiša	m
Lloyd	m
Lodewijk	m
Lorcan	m
Lorenz	m
Loris	m
Louis	m
Luca	m
Luciano	m
Lucius	m
Ludger	m
Ludwig	m
Luigi	m
Luis	m
Lukas	m
Lunis	m
Magd	m
Magnus	m
Maik	m
Malcolm	m
Malik	m
Malte	m
Mamercus	m
Manfred	m
Manius	m
Manu	m
Manuel	m
Marc	m
Marcellus	m
Maria	m
Marian	m
Mariano	m
Mario	m
Marion	m
Marius	m
Mark	m
Markus	m
Marlo	m
Marlon	m
Marshall	m
Martin	m
Martti	m
Marvin	m
Masahito	m
Matan	m
Mats	m
Matt	m
Matthias	m
Matti	m
Maurizio	m
Maurus	m
Maximilian	m
Medard	m
Mehmet	m
Mehrdad	m
Meiko	m
Meinolf	m
Melchior	m
Menne	m
Menzies	m
Merten	m
Metello	m
Metin	m
Micha	m
Michael	m
Michail	m
Michal	m
Michele	m
Mickey	m
Mieszko	m
Miguel	m
Mihai	m
Mika	m
Mikkel	m
Mikko	m
Milan	m
Miloš	m
Mio	m
Mirko	m
Mischa	m
Mitja	m
Mladen	m
Modestus	m
Moe	m
Mohammed	m
Momme	m
Montgomery	m
Moritz	m
Morten	m
Mstislaw	m
Munir	m
Murad	m
Myron	m
Nando	m
Nanuk	m
Nathan	m
Nathanael	m
Natmir	m
Nebojša	m
Neil	m
Nektarios	m
Nenad	m
Nepomuk	m
Nevio	m
Niall	m
Nicky	m
Nico	m
Nicola	m
Nigel	m
Nikita	m
Nikodemus	m
Nikola	m
Nikolai	m
Nikolaos	m
Nikolaus	m
Nils	m
Nima	m
Nino	m
Nio	m
Noah	m
Noam	m
Noël	m
Norbert	m
Norman	m
Numa	m
Numerius	m
Obed	m
Obrad	m
Ocke	m
Octavian	m
Odo	m
Ödön	m
Oelfke	m
Ognjen	m
Oibalos	m
Okan	m
Okay	m
Oktay	m
Ola	m
Olaf	m
Ólafur	m
Olav	m
Olavi	m
Ole	m
Oleg	m
Oliver	m
Olivier	m
Olle	m
Olof	m
Oluf	m
Omari	m
Onno	m
Onuphrius	m
Onur	m
Oran	m
Orhan	m
Oskar	m
Oslac	m
Ossip	m
Oswald	m
Oswin	m
Othmar	m
Otso	m
Ottfried	m
Otto	m
Ottokar	m
Ottorino	m
Ove	m
Owen	m
Özcan	m
Ozren	m
Pablo	m
Pantaleon	m
Paris	m
Parviz	m
Pascal	m
Patrice	m
Patricius	m
Patrick	m
Paul	m
Paulinho	m
Peer	m
Pekka	m
Pentti	m
Peppone	m
Peregrin	m
Periander	m
Perieres	m
Peter	m
Petrus	m
Petter	m
Peyman	m
Phalkes	m
Phelan	m
Philemon	m
Philipp	m
Piet	m
Pikria	m
Pinchas	m
Pinkus	m
Pippin	m
Pir	m
Pirmin	m
Pit	m
Pius	m
Polydoros	m
Polykarp	m
Pontius	m
Predrag	m
Protasius	m
Publius	m
Pádraig	m
Quentin	m
Quintus	m
Quirin	m
Rabie	m
Radomir	m
Radoslav	m
Rafiki	m
Rahul	m
Raimund	m
Rainald	m
Rainer	m
Rainhard	m
Raj	m
Raja	m
Rajendra	m
Rajiv	m
Rajko	m
Ralf	m
Ralph	m
Rambo	m
Rami	m
Ramin	m
Randolf	m
Raphael	m
Rasso	m
Recep	m
Reemt	m
Reginald	m
Regis	m
Reinhard	m
Reinhardt	m
Reinhart	m
Reinhold	m
Remeco	m
Remigius	m
Remo	m
Remy	m
Renaud	m
René	m
Reto	m
Reza	m
Ricardo	m
Richard	m
Richie	m
Rico	m
Ridvan	m
Rifat	m
Rinaldo	m
Ringo	m
Roald	m
Rob	m
Robbie	m
Robby	m
Robert	m
Robin	m
Robinson	m
Rochus	m
Rodion	m
Roger	m
Roland	m
Rolandas	m
Rolando	m
Roman	m
Romed	m
Romeo	m
Ronald	m
Ronan	m
Ronnie	m
Ronny	m
Rostam	m
Rostislaw	m
Roy	m
Ruben	m
Rüdiger	m
Rudolf	m
Rufus	m
Rupert	m
Ruslan	m
Russell	m
Rutger	m
Sabri	m
Sachso	m
Saddam	m
Said	m
Salomo	m
Salomon	m
Salvatore	m
Samir	m
Samuel	m
Samuil	m
Sancho	m
Sander	m
Sandro	m
Sandy	m
Sascha	m
Sassan	m
Scott	m
Sean	m
Sebald	m
Sebastian	m
Sebastiano	m
Sedat	m
Selim	m
Sepp	m
Serenus	m
Serge	m
Sergei	m
Sergio	m
Sergius	m
Servius	m
Sextus	m
Seymour	m
Shahryar	m
Shane	m
Shannon	m
Shelly	m
Shirley	m
Siegbald	m
Siegbert	m
Siegfried	m
Siegmund	m
Siegward	m
Sievert	m
Sigismund	m
Sigmar	m
Sigmund	m
Sigurd	m
Silas	m
Silvan	m
Silvester	m
Silvio	m
Simon	m
Siyar	m
Sjut	m
Slawomir	m
Slobodan	m
Sonia	m
Sönke	m
Sören	m
Spurius	m
Srboje	m
Srecko	m
Stanislaus	m
Stefan	m
Stefano	m
Stein	m
Sthenelos	m
Stig	m
Stijn	m
Sture	m
Sturm	m
Stylianos	m
Suleiman	m
Sven	m
Sverre	m
Swjatoslaw	m
Szabolcs	m
Sándor	m
Taavi	m
Taha	m
Taisto	m
Takis	m
Tammo	m
Taner	m
Tarik	m
Tarzisius	m
Tassilo	m
Taylor	m
Teemu	m
Tekin	m
Terence	m
Terenzio	m
Theodo	m
Theodor	m
Theodore	m
Theophil	m
Theumis	m
Thierry	m
Thilo	m
Thomas	m
Thor	m
Thorbjörn	m
Thorge	m
Thorsten	m
Thorwald	m
Tiberius	m
Tietje	m
Tilman	m
Tim	m
Timo	m
Timon	m
Timothy	m
Tin	m
Tjarko	m
Tobias	m
Tomohito	m
Toni	m
Torben	m
Tord	m
Torger	m
Traian	m
Tristan	m
Tuncay	m
Ture	m
Udalrich	m
Udo	m
Ueli	m
Ufuk	m
Ulf	m
Ulrich	m
Umar	m
Ümit	m
Urban	m
Uri	m
Urian	m
Uroš	m
Urs	m
Uthman	m
Utto	m
Uwe	m
Vaclav	m
Väinö	m
Valentin	m
Vasco	m
Vasilije	m
Vatroslav	m
Veikko	m
Veit	m
Veli	m
Veli	m
Vicente	m
Victor	m
Vijay	m
Vikentije	m
Vikram	m
Vishwanath	m
Vitali	m
Vivien	m
Vlasta	m
Vojin	m
Volkan	m
Volker	m
Volkmar	m
Vollrath	m
Vukašin	m
Wadim	m
Waldemar	m
Waleri	m
Walter	m
Wanja	m
Ward	m
Warin	m
Waylon	m
Wazzo	m
Webster	m
Wenzel	m
Werner	m
Wichard	m
Wichmann	m
Widukind	m
Wiegand	m
Wieland	m
Wigald	m
Wilfried	m
Wilhelm	m
Willi	m
William	m
Willibald	m
Willy	m
Wilmut	m
Wim	m
Winand	m
Winston	m
Wissarion	m
Wito	m
Wladimir	m
Wladyslaw	m
Wojciech	m
Wolf	m
Wolfgang	m
Wolfhard	m
Wolfram	m
Woody	m
Wsewolod	m
Xaver	m
Yahya	m
Yann	m
Yannick	m
Yasin	m
Yildirim	m
Yilmaz	m
Yrjö	m
Yüksel	m
Yusuf	m
Yves	m
Zacharias	m
Zafer	m
Zahar	m
Zaharije	m
Žarko	m
Zdenek	m
Zdravko	m
Zenon	m
Zeuxippos	m
Zlatko	m
Zoran	m
Zoticus	m
Zsombor	m
Zvezdan	m
Zygmunt	m
