Müller	s	0	1	de	
Schmidt	s	0	1	de	
Schneider	s	0	1	de	
Fischer	s	0	1	de	
Weber	s	0	1	de	
Meyer	s	0	1	de	
Wagner	s	0	1	de	
Becker	s	0	1	de	
Schulz	s	0	1	de	
Hoffmann	s	0	1	de	
Schäfer	s	0	1	de	
Koch	s	0	1	de	
Bauer	s	0	1	de	
Richter	s	0	1	de	
Klein	s	0	1	de	
Wolf	s	0	1	de	
Schröder	s	0	1	de	
Neumann	s	0	1	de	
Schwarz	s	0	1	de	
Zimmermann	s	0	1	de	
Braun	s	0	1	de	
Krüger	s	0	1	de	
Hofmann	s	0	1	de	
Hartmann	s	0	1	de	
Lange	s	0	1	de	
Schmitt	s	0	1	de	
Werner	s	0	1	de	
Schmitz	s	0	1	de	
Krause	s	0	1	de	
Meier	s	0	1	de	
Lehmann	s	0	1	de	
Schmid	s	0	1	de	
Schulze	s	0	1	de	
Maier	s	0	1	de	
Köhler	s	0	1	de	
Herrmann	s	0	1	de	
König	s	0	1	de	
Walter	s	0	1	de	
Mayer	s	0	1	de	
Huber	s	0	1	de	
Kaiser	s	0	1	de	
Fuchs	s	0	1	de	
Peters	s	0	1	de	
Lang	s	0	1	de	
Scholz	s	0	1	de	
Möller	s	0	1	de	
Weiß	s	0	1	de	
Jung	s	0	1	de	
Hahn	s	0	1	de	
Schubert	s	0	1	de	
Vogel	s	0	1	de	
Friedrich	s	0	1	de	
Keller	s	0	1	de	
Günther	s	0	1	de	
Frank	s	0	1	de	
Berger	s	0	1	de	
Winkler	s	0	1	de	
Roth	s	0	1	de	
Beck	s	0	1	de	
Lorenz	s	0	1	de	
Baumann	s	0	1	de	
Franke	s	0	1	de	
Albrecht	s	0	1	de	
Schuster	s	0	1	de	
Simon	s	0	1	de	
Ludwig	s	0	1	de	
Böhm	s	0	1	de	
Winter	s	0	1	de	
Kraus	s	0	1	de	
Martin	s	0	1	de	
Schumacher	s	0	1	de	
Krämer	s	0	1	de	
Vogt	s	0	1	de	
Stein	s	0	1	de	
Jäger	s	0	1	de	
Otto	s	0	1	de	
Sommer	s	0	1	de	
Groß	s	0	1	de	
Seidel	s	0	1	de	
Heinrich	s	0	1	de	
Brandt	s	0	1	de	
Haas	s	0	1	de	
Schreiber	s	0	1	de	
Graf	s	0	1	de	
Schulte	s	0	1	de	
Dietrich	s	0	1	de	
Ziegler	s	0	1	de	
Kuhn	s	0	1	de	
Kühn	s	0	1	de	
Pohl	s	0	1	de	
Engel	s	0	1	de	
Horn	s	0	1	de	
Busch	s	0	1	de	
Bergmann	s	0	1	de	
Thomas	s	0	1	de	
Voigt	s	0	1	de	
Sauer	s	0	1	de	
Arnold	s	0	1	de	
Wolff	s	0	1	de	
-ova	s	0	1		a:1:{s:6:"gender";s:1:"f";}
Pfeiffer	s	0	1	de	
