name,description,format,weight,puuid,vocabulary_machine_name,parent
Revd,,basic_html,0,11d59f21-fa21-d7d4-7540-abb515671f99,personal_title,
Prof,,basic_html,0,1990c573-3b1f-c154-9545-8c53cdb22368,personal_title,
Dr,,basic_html,0,26678238-6864-c204-4d8a-16b7d35ca18c,personal_title,
Miss,,basic_html,0,294a3666-ebc0-f5c4-899e-723b875a7cc8,personal_title,
"Dr (Mrs)",,basic_html,0,31afd467-1cf7-0e24-3d6e-bb6eeb90044b,personal_title,
Mrs,,basic_html,0,33db3bb4-8edd-a584-0d75-a3230129a60b,personal_title,
"Prof (Miss)",,basic_html,0,40ca63df-f698-9484-c926-2af1daea9f33,personal_title,
Mr,,basic_html,0,4d95d17f-e85f-cbc4-d1b9-af1cbbee1976,personal_title,
"Prof (Ms)",,basic_html,0,6d4f5b17-318a-ecd4-4d92-bdad5a983d31,personal_title,
Ms,,basic_html,0,7c2d4ecf-c076-cc24-c938-1dff7651e9b5,personal_title,
"Dr (Ms)",,basic_html,0,b1973240-af72-d6d4-5dc3-6efa59c45aeb,personal_title,
"Dr (Miss)",,basic_html,0,bfd9eea2-3758-a434-65e0-be125bca2b13,personal_title,
"Prof (Mrs)",,basic_html,0,f718394d-f596-f9a4-69aa-7a59d79765a1,personal_title,